login,n,name,link,desc
fhoces,409,Fernando Hoces de la Guardia,[\@fhoces](https://github.com/fhoces),Fernando Hoces de la Guardia ([\@fhoces](https://github.com/fhoces))
AleksandraMaa,93,Teng Aleksandra Ma,[\@AleksandraMaa](https://github.com/AleksandraMaa),Teng Aleksandra Ma ([\@AleksandraMaa](https://github.com/AleksandraMaa))
em-ng21,55,Emma Ng,[\@em-ng21](https://github.com/em-ng21),Emma Ng ([\@em-ng21](https://github.com/em-ng21))
keanulim123,33,NA,[\@keanulim123](https://github.com/keanulim123),[\@keanulim123](https://github.com/keanulim123)
Gracemorgan7,20,NA,[\@Gracemorgan7](https://github.com/Gracemorgan7),[\@Gracemorgan7](https://github.com/Gracemorgan7)
charleslove3,15,NA,[\@charleslove3](https://github.com/charleslove3),[\@charleslove3](https://github.com/charleslove3)
ella-sjy,12,NA,[\@ella-sjy](https://github.com/ella-sjy),[\@ella-sjy](https://github.com/ella-sjy)
scholesy,10,NA,[\@scholesy](https://github.com/scholesy),[\@scholesy](https://github.com/scholesy)
sophiabai2022,3,Sophia Bai,[\@sophiabai2022](https://github.com/sophiabai2022),Sophia Bai ([\@sophiabai2022](https://github.com/sophiabai2022))
oriajia,3,NA,[\@oriajia](https://github.com/oriajia),[\@oriajia](https://github.com/oriajia)
